id,time,velocity,type,point
40,524218375633,372.74397636896884,2,"(698.5196685791016, 622.2062587738037, 620.130615234375)"
41,524218379631,372.74397636896884,2,"(693.6274337768555, 623.6453533172607, 620.0755004882812)"
42,524218383631,372.74397636896407,2,"(687.4754333496094, 621.7823266983032, 620.061279296875)"
43,524218387631,372.7440184263643,2,"(682.555103302002, 627.0209312438965, 620.0230712890625)"
44,524218391631,156.8044288353236,2,"(684.5256614685059, 625.2503156661987, 619.98046875)"
45,524218395631,156.8044288353236,2,"(670.729923248291, 619.5014476776123, 620.0428466796875)"
46,524218399630,156.8044257031768,2,"(680.8092498779297, 617.12965965271, 620.0194702148438)"
47,524218403630,156.80443196668764,2,"(682.265682220459, 621.381139755249, 620.0491333007812)"
48,524218407630,187.4408017279885,2,"(685.4394149780273, 623.1655597686768, 620.0493774414062)"
49,524218411630,187.4408017279885,2,"(689.2999649047852, 624.6806859970093, 620.070068359375)"
50,524218415630,187.4408017279885,2,"(687.4734306335449, 618.8409090042114, 620.0701904296875)"
51,524218419630,166.25097936724902,2,"(683.7409400939941, 623.316764831543, 620.0586547851562)"
70,524218495631,155.19739308182434,2,"(680.6267738342285, 635.2367162704468, 619.9434814453125)"
71,524218499631,258.17441897446946,2,"(677.3722457885742, 629.2204856872559, 619.9552612304688)"
72,524218503631,433.4606743172579,2,"(680.167236328125, 632.0203542709351, 619.946044921875)"
73,524218507631,138.54622294861156,2,"(683.3772468566895, 634.884238243103, 619.9974365234375)"
74,524218511631,248.12417437061987,2,"(679.5499992370605, 628.898549079895, 619.9874267578125)"
75,524218515631,360.5810930006181,2,"(680.6781005859375, 633.419680595398, 620.0086669921875)"
76,524218519631,266.7645545272919,2,"(680.8261299133301, 633.2679033279419, 619.9884033203125)"
77,524218523630,239.45241687346586,2,"(687.1584892272949, 629.1012525558472, 620.0527954101562)"
78,524218527630,255.27282215627017,2,"(680.269775390625, 627.58948802948, 620.0314331054688)"
79,524218531630,124.07855244121785,2,"(686.0295867919922, 628.7829637527466, 620.0535888671875)"
80,524218535630,210.24740776570536,2,"(682.4101066589355, 626.6756057739258, 620.08447265625)"
81,524218539630,573.8607724774103,2,"(685.037899017334, 625.253963470459, 620.0751342773438)"
82,524218543630,438.70326880544053,2,"(681.2179183959961, 634.8250865936279, 620.0330810546875)"
83,524218547630,171.9315104299696,2,"(682.1351214817591, 634.1973730495998, 620.0394199916294)"
84,524218551630,65.70344286456493,2,"(683.0523245675223, 633.5696595055716, 620.0457589285714)"
85,524218555630,115.69220155405272,2,"(683.9695276532854, 632.9419459615435, 620.0520978655134)"
86,524218559631,553.3002479097503,2,"(684.88696003982, 632.3140754891293, 620.0584383871895)"
87,524218563630,476.5243367923322,2,"(685.8039338248117, 631.6865188734872, 620.0647757393973)"
88,524218567630,188.06296662187998,2,"(686.7211369105748, 631.058805329459, 620.0711146763393)"
89,524218571630,376.0719519921647,2,"(687.6383399963379, 630.4310917854309, 620.0774536132812)"
90,524218575631,572.9278921172248,2,"(688.5557723828724, 629.8032213130168, 620.0837941349574)"
91,524218579631,798.4767390055185,2,"(689.4729754686355, 629.1755077689887, 620.0901330718995)"
92,524218583630,893.9414533798673,2,"(690.3899492536272, 628.5479511533465, 620.0964704241071)"
93,524218587630,986.8529373112615,2,"(691.3071523393904, 627.9202376093183, 620.1028093610491)"
94,524218591630,918.0383144437845,2,"(692.2243554251535, 627.2925240652902, 620.109148297991)"
95,524218595631,714.3081843415138,2,"(693.141787811688, 626.664653592876, 620.1154888196672)"
96,524218599630,67.18806688301828,2,"(694.0587615966797, 626.0370969772339, 620.121826171875)"
97,524218603631,23.025663891344113,2,"(687.4780654907227, 623.6588001251221, 620.0791625976562)"
98,524218607631,23.02566384173319,2,"(686.6358947753906, 632.0979595184326, 620.09130859375)"
99,524218611631,16.60647468537577,2,"(689.9455833435059, 627.9862403869629, 620.0811157226562)"
100,524218615631,16.606474685370944,2,"(688.9162445068359, 626.4948606491089, 620.071533203125)"
119,524218691631,16.60647468909689,2,"(690.0187110900879, 628.1494617462158, 619.9774169921875)"
120,524218695631,37.88117027093346,2,"(689.3825176783971, 628.8783993039813, 619.9703630719866)"
121,524218699630,37.88117027093346,2,"(688.7464833150592, 629.6071546273572, 619.9633109152658)"
122,524218703630,97.74656673772401,2,"(688.1102899033682, 630.3360921851225, 619.9562569950649)"
123,524218707631,97.74656597901364,2,"(687.4739374433244, 631.0652119772775, 619.949201311384)"
124,524218711631,50.559602689076485,2,"(686.8377440316336, 631.794149535043, 619.9421473911831)"
125,524218715631,50.559602689076485,2,"(686.2015506199427, 632.5230870928083, 619.9350934709821)"
126,524218719631,42.367795963912656,2,"(685.565357208252, 633.2520246505737, 619.9280395507812)"
127,524218723631,42.36779602567958,2,"(686.6644620895386, 633.0384403467178, 619.931526184082)"
128,524218727631,42.367795963912656,2,"(687.7635669708252, 632.8248560428619, 619.9350128173828)"
129,524218731630,24.463649297594074,2,"(688.8623970758915, 632.611325135082, 619.9384985790252)"
130,524218735630,41.08729458332537,2,"(689.9615019571781, 632.3977408312261, 619.941985212326)"
131,524218739631,41.08729458332537,2,"(691.0608816146851, 632.1841031312943, 619.9454727172852)"
132,524218743631,41.087294639662794,2,"(692.1599864959717, 631.9705188274384, 619.9489593505859)"
133,524218747631,41.08729458332537,2,"(693.2590913772583, 631.7569345235825, 619.9524459838867)"
134,524218751631,41.08729458332537,2,"(694.3581962585449, 631.5433502197266, 619.9559326171875)"
155,524218835630,41.08729452697387,2,"(688.9540100097656, 632.8492641448975, 619.8225708007812)"
156,524218839630,41.08729458332537,2,"(685.0721549987793, 630.7000398635864, 619.8427530924479)"
157,524218843630,41.08729458332537,2,"(681.190299987793, 628.5508155822754, 619.8629353841146)"
158,524218847630,80.35310987418421,2,"(677.3084449768066, 626.4015913009644, 619.8831176757812)"
159,524218851630,80.35310987418582,2,"(678.1128462204198, 624.7671837874653, 619.8800222108763)"
160,524218855629,80.35311029556513,2,"(678.9170463637219, 623.1331848758447, 619.8769275198375)"
161,524218859629,80.35310987418421,2,"(679.7214476073349, 621.4987773623457, 619.8738320549324)"
162,524218863629,5.516329034515807,2,"(680.5258488509479, 619.8643698488468, 619.8707365900275)"
163,524218867629,232.70457003802207,2,"(681.330250094561, 618.2299623353476, 619.8676411251225)"
164,524218871630,103.32590470801766,2,"(682.1348524384849, 616.5951462199703, 619.8645448863513)"
165,524218875629,103.32590470801766,2,"(682.9390525817871, 614.9611473083496, 619.8614501953125)"
166,524218879629,38.7977830442751,2,"(682.5455772354128, 615.7524362536648, 619.8608897943415)"
167,524218883629,38.7977830442751,2,"(682.1521018890382, 616.54372519898, 619.8603293933705)"
168,524218887629,38.79778309171106,2,"(681.7586265426639, 617.3350141442951, 619.8597689923995)"
169,524218891629,40.262270303332215,2,"(681.3651511962895, 618.1263030896102, 619.8592085914285)"
170,524218895629,40.262270303332755,2,"(680.9716758499151, 618.9175920349254, 619.8586481904575)"
171,524218899630,40.26227025031084,2,"(680.5781021347041, 619.7090788024769, 619.8580876493862)"
172,524218903630,40.262270303332215,2,"(680.1846267883296, 620.5003677477921, 619.8575272484153)"
173,524218907629,8.004968548430032,2,"(679.7912498107918, 621.2914588708709, 619.8569669875445)"
174,524218911629,112.18067067034653,2,"(679.3977744644175, 622.082747816186, 619.8564065865735)"
175,524218915629,112.18067067034653,2,"(679.004299118043, 622.8740367615013, 619.8558461856024)"
176,524218919630,112.18067067034653,2,"(678.610725402832, 623.6655235290527, 619.8552856445312)"
177,524218923630,14.053500593719562,2,"(679.0996433011048, 624.4231196084835, 619.8530272810177)"
178,524218927630,14.053500595975207,2,"(679.5885611993776, 625.1807156879142, 619.8507689175041)"
179,524218931630,299.9578309518248,2,"(680.0774790976503, 625.9383117673449, 619.8485105539905)"
180,524218935629,299.9578309518248,2,"(680.5662747664486, 626.6957184477559, 619.8462527550679)"
181,524218939629,176.06680245463443,2,"(681.0551926647214, 627.4533145271866, 619.8439943915542)"
182,524218943630,176.06679802062013,2,"(681.5442327924687, 628.2111000056373, 619.8417354634498)"
183,524218947630,114.4337096938571,2,"(682.0331506907415, 628.968696085068, 619.8394770999363)"
184,524218951629,114.4337096938571,2,"(682.5219463595397, 629.7261027654789, 619.8372193010135)"
185,524218955629,60.93326618564004,2,"(683.0108642578125, 630.4836988449097, 619.8349609375)"
186,524218959629,60.933266553091734,2,"(681.5725135803223, 629.1263341903687, 619.8321329752604)"
187,524218963629,144.6715641591553,2,"(680.134162902832, 627.7689695358276, 619.8293050130209)"
188,524218967629,144.6715641591553,2,"(678.6958122253418, 626.4116048812866, 619.8264770507812)"
189,524218971629,8.56309336020066,2,"(682.9040226187203, 627.7365578038888, 619.8221440963068)"
190,524218975630,66.64419649899818,2,"(687.1132850646973, 629.0618419647217, 619.8178100585938)"
191,524218979630,66.64419649899818,2,"(706.8453774085411, 620.3320081417377, 619.8367591271034)"
192,524218983630,55.06108782679574,2,"(726.5774697523851, 611.6021743187538, 619.855708195613)"
193,524218987629,55.06108782679574,2,"(746.304629073143, 602.8745229542255, 619.8746525268555)"
194,524218991630,187.14367902034866,2,"(766.0416544400729, 594.1425066727859, 619.8936063326322)"
195,524218995630,187.14368434363504,2,"(785.7737467839167, 585.4126728498019, 619.9125554011418)"
196,524218999630,187.1436790203485,2,"(805.5058391277606, 576.682839026818, 619.9315044696515)"
197,524219003629,187.143673695732,2,"(825.2329984485185, 567.9551876622896, 619.9504488008939)"
198,524219007629,187.14367902034735,2,"(844.9650907923625, 559.2253538393057, 619.9693978694036)"
199,524219011629,187.1436790203498,2,"(864.6971831362064, 550.4955200163217, 619.9883469379132)"
200,524219015629,187.14367902034735,2,"(884.4292754800504, 541.7656861933378, 620.0072960064227)"
201,524219019630,187.14367902034996,2,"(904.1663008469801, 533.0336699118981, 620.0262498121995)"
202,524219023630,187.14367902034715,2,"(923.8983931908241, 524.3038360889142, 620.0451988807091)"
203,524219027630,187.14368434363504,1,"(943.630485534668, 515.5740022659302, 620.0641479492188)"
204,524219031630,187.14367902034735,1,"(956.6228427349442, 511.7028022581421, 620.0572807583702)"
205,524219035630,187.143673695732,1,"(969.6151999352205, 507.8316022503541, 620.0504135675216)"
206,524219039624,187.1436790203498,1,"(982.588068599696, 503.96620904257776, 620.0435566774593)"
207,524219043624,187.14367902034735,1,"(995.5804257999723, 500.0950090347897, 620.0366894866107)"
208,524219047624,632.2595231008754,1,"(1008.5727830002486, 496.22380902700166, 620.0298222957622)"
209,524219051624,845.5671288581012,1,"(1021.5651402005249, 492.35260901921356, 620.0229551049135)"
210,524219055623,549.8864807996412,2,"(1034.5542493115008, 488.48237681142746, 620.0160896308628)"
211,524219059623,549.8866158079493,2,"(1047.546606511777, 484.6111768036394, 620.0092224400141)"
212,524219063623,549.8864807996412,2,"(1060.5389637120534, 480.73997679585136, 620.0023552491656)"
213,524219067615,549.8863457576961,2,"(1073.505336197929, 476.8765191880789, 619.9955017926987)"
214,524219071615,549.8864807996412,2,"(1086.4976933982052, 473.0053191802908, 619.9886346018501)"
215,524219075623,549.8864807996412,2,"(1099.5160353128817, 469.1263767724872, 619.9817536766199)"
216,524219079623,24.72220801461601,2,"(1112.508392513158, 465.2551767646992, 619.9748864857713)"
217,524219083624,24.722208014613887,2,"(1125.5039978027344, 461.3830089569092, 619.968017578125)"
218,524219087624,24.7222080268857,2,"(1123.9546394348145, 457.52817392349243, 619.9538269042969)"
219,524219091624,108.08139668428726,2,"(1122.4052810668945, 453.6733388900757, 619.9396362304688)"
220,524219095624,108.08139770973864,2,"(1126.1051034384898, 452.992348185717, 619.9637176097818)"
221,524219099623,135.17312319740967,2,"(1129.8040008544922, 452.3115277290344, 619.98779296875)"
222,524219103623,135.1731211909067,2,"(1128.0286147150155, 449.25841110048555, 620.005399410523)"
223,524219107624,111.48873803888767,2,"(1126.252784729004, 446.20453119277954, 620.0230102539062)"
224,524219111624,111.48873803888767,2,"(1126.1422565044616, 447.92683160083726, 620.0623040916071)"
225,524219115624,56.540314714508106,2,"(1126.0317282799192, 449.649132008895, 620.1015979293078)"
226,524219119623,56.540314714508106,2,"(1125.921227687433, 451.3710018418507, 620.1408819435492)"
227,524219123623,83.22904222374906,2,"(1125.8106994628906, 453.09330224990845, 620.18017578125)"
248,524219207628,83.22904269201256,2,"(1126.7527770996094, 451.1263847351074, 620.273193359375)"
249,524219211628,41.021275290936394,2,"(1128.282228807898, 455.5044340517171, 620.261394212429)"
250,524219215629,41.02127523485267,2,"(1129.8120628791137, 459.88357788065593, 620.249592115696)"
251,524219219629,41.021275290936394,2,"(1131.3415145874023, 464.2616271972656, 620.23779296875)"
252,524219223629,59.42372102010794,2,"(1131.3947362669678, 461.15143164677505, 620.2075767893838)"
253,524219227628,59.42372102010794,2,"(1131.4479446411133, 458.0420136451721, 620.1773681640625)"
254,524219231628,14.744333759623085,2,"(1131.8544387817383, 455.7699918746948, 620.1094970703125)"
255,524219235628,136.49521802615607,2,"(1132.2609329223633, 453.49797010421753, 620.0416259765625)"
256,524219239628,77.46680331698448,2,"(1132.6674270629883, 451.22594833374023, 619.9737548828125)"
257,524219243628,210.49522895864052,2,"(1132.7830123901367, 451.8431067466736, 620.0128987630209)"
258,524219247628,134.22805291147813,2,"(1132.8985977172852, 452.46026515960693, 620.0520426432291)"
259,524219251628,135.7692342544614,2,"(1133.0141830444336, 453.0774235725403, 620.0911865234375)"
260,524219255628,67.2146964519331,2,"(1132.0408058166504, 455.65152168273926, 620.1431274414062)"
261,524219259628,67.2146964519331,2,"(1131.0674285888672, 458.22561979293823, 620.195068359375)"
262,524219263628,67.2146964519331,2,"(1128.9930725097656, 456.22610449790955, 620.2035522460938)"
263,524219267628,67.2146964519331,2,"(1126.918716430664, 454.22658920288086, 620.2120361328125)"
264,524219271628,67.2146964519331,2,"(1127.9315636101671, 456.54038474673314, 620.3282325457609)"
265,524219275629,72.72658311191434,2,"(1128.9446640014648, 458.85475873947144, 620.4444580078125)"
266,524219279629,72.72658342433824,2,"(1129.4742279052734, 456.6162657737732, 620.3965942382813)"
267,524219283628,54.55198095848866,2,"(1130.003659418106, 454.3783324313164, 620.3487424346923)"
268,524219287629,54.55198082659976,2,"(1130.5333557128906, 452.1392798423767, 620.3008666992188)"
269,524219291628,54.55198095849046,2,"(1131.0627872257232, 449.9013464999199, 620.2530148956299)"
270,524219295629,54.55198095848866,2,"(1131.5924835205078, 447.6622939109802, 620.2051391601562)"
271,524219299629,8.176457517425927,2,"(1131.5059754974884, 447.9018413809865, 620.2478780158165)"
272,524219303629,13.787546711803014,2,"(1131.419467474469, 448.14138885099277, 620.2906168714767)"
273,524219307625,17.238788505320382,2,"(1131.3330459594727, 448.38069677352905, 620.3333129882812)"
274,524219311625,209.21590986371564,2,"(1131.7472534179688, 448.00827741622925, 620.3493408203125)"
275,524219315626,89.06090033000909,2,"(1132.1615644283295, 447.6357649540901, 620.3653726593018)"
276,524219319626,440.83243044653324,2,"(1132.5757718868256, 447.2633455967903, 620.381400491333)"
277,524219323625,225.5726829097274,2,"(1132.989875793457, 446.89101934432983, 620.3974243164063)"
278,524219327625,132.58489780446772,2,"(1133.4040832519531, 446.51859998703003, 620.4134521484375)"
279,524219331625,233.62105851688673,2,"(1136.6848182678223, 448.43634366989136, 620.419687906901)"
280,524219335625,118.76494074314023,2,"(1139.9655532836914, 450.3540873527527, 620.4259236653646)"
281,524219339626,270.5692811087371,2,"(1143.2471084833144, 452.2723104715347, 620.4321609827678)"
282,524219343625,19.815111729610603,2,"(1146.5270233154297, 454.18957471847534, 620.4383951822916)"
283,524219347626,21.791232618796183,2,"(1149.8085785150527, 456.10779783725735, 620.4446324996949)"
284,524219351625,125.32893869593455,2,"(1153.088493347168, 458.025062084198, 620.4508666992188)"
285,524219355625,179.4250877186761,2,"(1184.6823573795523, 456.55766671541056, 620.4919168928028)"
286,524219359625,113.63101190970245,2,"(1216.2762214119366, 455.09027134662307, 620.5329670863869)"
287,524219363626,240.64977670249175,2,"(1247.877983910329, 453.6225091289934, 620.5740275425194)"
288,524219367626,83.94152281294477,2,"(1279.4718479427133, 452.1551137602059, 620.6150777361034)"
289,524219371626,41.9778098912276,2,"(1311.0657119750977, 450.68771839141846, 620.6561279296875)"
290,524219375626,71.09888899119105,2,"(1326.6996904262655, 446.854861435782, 620.6909201432634)"
291,524219379626,159.2070531037379,2,"(1342.3336688774334, 443.0220044801456, 620.7257123568392)"
292,524219383626,24.975094598673966,2,"(1357.967647328601, 439.1891475245091, 620.760504570415)"
293,524219387625,24.975094598673966,1,"(1373.5977172851562, 435.3572487831116, 620.7952880859375)"
294,524219391625,24.975094598673966,1,"(1379.9493598937988, 433.01327526569366, 620.7753295898438)"
295,524219395625,24.975094598673966,1,"(1386.3010025024414, 430.66930174827576, 620.75537109375)"
296,524219399626,24.975094598673966,1,"(1392.6542330217362, 428.3247422374785, 620.7354076080322)"
297,524219403625,16.296321443076483,1,"(1399.0042877197266, 425.98135471343994, 620.7154541015625)"
298,524219407625,16.29632143955658,1,"(1394.8662948608398, 432.93678760528564, 620.7080891927084)"
299,524219411625,64.08323516504004,1,"(1390.7283020019531, 439.89222049713135, 620.7007242838541)"
300,524219415625,64.08323516504004,1,"(1386.5903091430664, 446.84765338897705, 620.693359375)"
301,524219419625,86.7069472079459,1,"(1389.1253185272217, 440.1319205760956, 620.7124938964844)"
302,524219423626,86.7069472079459,1,"(1391.660961663723, 433.4145088300109, 620.7316332015992)"
303,524219427626,33.52571332566947,1,"(1394.1959710478782, 426.69877601712943, 620.7507677230835)"
304,524219431625,33.525713356274814,1,"(1396.7303466796875, 419.9847221374512, 620.7698974609375)"
305,524219435625,33.52571332567416,1,"(1394.2977422935114, 424.9527746808133, 620.7621922540363)"
306,524219439626,33.525713295054075,1,"(1391.8645297562389, 429.9220692373113, 620.7544851208335)"
307,524219443626,33.52571332566947,1,"(1389.4319253700628, 434.8901217806735, 620.7467799139324)"
308,524219447626,33.52571332566947,1,"(1386.9993209838867, 439.85817432403564, 620.7390747070312)"
309,524219451626,33.52571332566827,1,"(1388.7082519464484, 441.42760582783325, 620.7603481181608)"
310,524219455625,33.52571332567416,1,"(1390.4167556762695, 442.9966449737549, 620.7816162109375)"
311,524219459625,33.52571332566947,1,"(1391.1869430541992, 423.63234758377075, 620.781494140625)"
312,524219463625,33.525713356274814,1,"(1390.7540130615234, 425.04329681396484, 620.7396240234375)"
313,524219467626,211.06342245390536,1,"(1398.431396484375, 422.0964789390564, 620.7710571289062)"
314,524219471625,28.896739592114844,1,"(1393.4482955932617, 431.0425400733948, 620.7811279296875)"
315,524219475625,28.896739592117832,1,"(1404.2312622070312, 428.0010223388672, 620.7496337890625)"
316,524219479625,28.896739592117832,1,"(1398.673210144043, 433.48395824432373, 620.7606811523438)"
317,524219483625,28.896739592112674,1,"(1394.7079467773438, 432.66706466674805, 620.7394409179688)"
318,524219487626,28.896739592114844,1,"(1401.6442108154297, 428.35861444473267, 620.7183837890625)"
319,524219491626,28.896739592120824,1,"(1387.6113510131836, 434.7911238670349, 620.7510375976562)"
320,524219495625,28.896739611713166,1,"(1391.5920639038086, 440.1794672012329, 620.8046875)"
321,524219499625,28.896739592114844,1,"(1401.9900512695312, 444.199275970459, 620.7189331054688)"
322,524219503626,28.89673957251244,1,"(1393.4971618652344, 427.5108575820923, 620.7518310546875)"
323,524219507626,28.896739592119992,1,"(1396.6656875610352, 432.5847387313843, 620.7305908203125)"
324,524219511626,28.896739592112674,1,"(1406.396484375, 428.1015157699585, 620.7213134765625)"
325,524219515626,28.896739592117832,1,"(1395.4718399047852, 417.0054316520691, 620.7212524414062)"
326,524219519625,28.896739592112674,1,"(1396.3627624511719, 428.48700284957886, 620.7225341796875)"
327,524219523625,28.896739611718328,1,"(1397.7325057983398, 438.73525857925415, 620.7222900390625)"
328,524219527626,42.2831105655555,1,"(1396.8960571289062, 427.74163484573364, 620.7000732421875)"
329,524219531626,19.409362760639535,1,"(1395.5734634399414, 432.93306827545166, 620.7252197265625)"
330,524219535625,19.409362754698567,1,"(1396.7091751098633, 423.9285349845886, 620.7242431640625)"
331,524219539625,19.409362760636913,1,"(1390.792350769043, 448.00193309783936, 620.7246704101562)"
332,524219543625,19.409362760642605,1,"(1388.4823608398438, 429.1962146759033, 620.745361328125)"
333,524219547625,19.409362760636913,1,"(1394.0210723876953, 434.1390609741211, 620.7459716796875)"
334,524219551626,19.409362760639535,1,"(1396.647605895996, 433.0654263496399, 620.7034912109375)"
335,524219555626,34.71754179062103,1,"(1396.4471054077148, 438.05655241012573, 620.7457275390625)"
336,524219559617,206.4621260203124,1,"(1397.0775604248047, 461.8951678276062, 620.7354736328125)"
337,524219563617,164.19943737063943,1,"(1399.0879440307617, 441.4119243621826, 620.7350463867188)"
338,524219567618,46.64312306101649,1,"(1400.5054092407227, 449.4094491004944, 620.732666015625)"
339,524219571618,149.42423285334434,1,"(1394.8144912719727, 434.1984272003174, 620.7938232421875)"
340,524219575618,295.1739404086368,1,"(1372.145118713379, 444.1301107406616, 620.6675415039062)"
341,524219579618,198.8359363843853,1,"(1337.768898010254, 447.16819524765015, 620.610107421875)"
342,524219583617,68.14480669663193,1,"(1305.9904861450195, 469.14374828338623, 620.6995849609375)"
343,524219587617,1.8656213699260704,1,"(1265.4619216918945, 455.7793378829956, 620.621826171875)"
344,524219591618,1.8656213699317976,1,"(1229.406623840332, 472.39784002304077, 620.5404663085938)"
345,524219595618,1.8656213699263,1,"(1201.9357681274414, 458.3242893218994, 620.6184692382812)"
367,524219683618,1.865621369920113,1,"(1137.8990936279297, 457.20248222351074, 620.2407836914062)"
368,524219687618,1.8656213699260704,1,"(1137.2583960414604, 457.96262796486565, 620.1584071981989)"
369,524219691623,1.8656213699260704,1,"(1136.6168975830078, 458.7237238883972, 620.075927734375)"
370,524219695623,1.8656213699260704,1,"(1136.0777596372675, 458.2510673509994, 620.0948095161901)"
371,524219699623,1.8656213699260704,1,"(1135.5386216915274, 457.7784108136016, 620.1136912980053)"
372,524219703622,1.8656213699260704,1,"(1134.9996185302734, 457.30587244033813, 620.132568359375)"
373,524219707622,1.8656213699317976,1,"(1134.092788696289, 455.94475865364075, 620.056640625)"
374,524219711622,1.8656213699260704,1,"(1133.1859588623047, 454.58364486694336, 619.980712890625)"
375,524219715622,1.8656213699203428,1,"(1137.2178950558273, 455.83041222925976, 620.0211741415624)"
376,524219719623,47.578170192687594,1,"(1141.2508392333984, 457.07749128341675, 620.0616455078125)"
377,524219723623,47.578170192687594,1,"(1139.1078186035156, 457.4930191040039, 619.9967651367188)"
378,524219727623,47.578170192687594,1,"(1136.9647979736328, 457.90854692459106, 619.931884765625)"
379,524219731623,64.41027586265606,1,"(1137.457545334741, 456.1469159758938, 619.9555073396416)"
380,524219735622,79.57473580519695,1,"(1137.950169509009, 454.3857254349338, 619.9791240080147)"
381,524219739622,79.5747378504423,1,"(1138.4429168701172, 452.6240944862366, 620.0027465820312)"
402,524219823621,9.67512009834759,1,"(1156.09130859375, 466.07508659362793, 620.1983642578125)"
403,524219827621,9.675120097610943,1,"(1155.3828620910645, 467.70144402980804, 620.1982727050781)"
404,524219831621,9.67512009834759,1,"(1154.674415588379, 469.32780146598816, 620.1981811523438)"
405,524219835620,66.77342487788465,1,"(1153.966146197319, 470.95375231280923, 620.1980896224976)"
406,524219839620,66.77342487788465,1,"(1153.2576996946334, 472.58010974898934, 620.1979980697632)"
407,524219843620,107.58312360075367,1,"(1152.5492531919479, 474.20646718516946, 620.1979065170289)"
408,524219847621,107.58312461208607,1,"(1151.8406295776367, 475.8332312107086, 620.1978149414062)"
409,524219851621,63.29651596543799,1,"(1151.1321830749512, 477.45958864688873, 620.1977233886719)"
410,524219855621,63.29651575942023,1,"(1150.4237365722656, 479.08594608306885, 620.1976318359375)"
411,524219859621,7.163158175360756,1,"(1151.077750073842, 475.67884489270824, 620.1947172250634)"
412,524219863621,7.163158175360756,1,"(1151.7317635754182, 472.2717437023475, 620.1918026141892)"
413,524219867620,7.163158175360756,1,"(1152.385613573619, 468.86549428728443, 620.1888887319678)"
414,524219871620,13.507036465949144,1,"(1153.0396270751953, 465.4583930969238, 620.1859741210938)"
455,524220035620,13.507036465949144,1,"(1155.0305557250977, 475.01903772354126, 620.2198486328125)"
456,524220039620,13.507036465949144,1,"(1153.1344985961914, 465.151584148407, 620.2413330078125)"
457,524220043620,13.507036467950357,1,"(1157.4472618103027, 464.0103578567505, 620.1845092773438)"
458,524220047620,13.507036465951568,1,"(1161.760025024414, 462.869131565094, 620.127685546875)"
459,524220051620,13.507036463945004,1,"(1160.0858056111101, 462.8145410822018, 620.11441946741)"
460,524220055620,13.507036465949144,1,"(1158.4115861978062, 462.7599505993096, 620.101153387945)"
461,524220059619,13.507036465949144,1,"(1156.7377853393555, 462.7053737640381, 620.087890625)"
462,524220063619,13.507036465949144,1,"(1158.318630597806, 463.42838954109004, 620.054704832901)"
463,524220067619,13.507036465949144,1,"(1159.8994758562567, 464.15140531814205, 620.0215190408021)"
464,524220071620,13.507036465951568,1,"(1161.480716326022, 464.87460184913823, 619.9883249522552)"
465,524220075620,13.507036467950357,1,"(1163.0615615844727, 465.5976176261902, 619.9551391601562)"
488,524220167618,13.507036465949144,1,"(1155.208854675293, 466.83404445648193, 619.920654296875)"
489,524220171618,13.507036463945004,1,"(1158.604507446289, 470.2879309654236, 619.8927815755209)"
490,524220175618,13.507036465949144,1,"(1162.0001602172852, 473.74181747436523, 619.8649088541666)"
491,524220179618,278.4526271301824,1,"(1165.3958129882812, 477.1957039833069, 619.8370361328125)"
492,524220183618,195.4014206562505,1,"(1165.365825719365, 477.80172651537447, 619.8324579238176)"
493,524220187617,282.19881400876756,1,"(1165.3358459472656, 478.4075975418091, 619.827880859375)"
494,524220191617,197.939742332843,1,"(1160.6228256225586, 466.3428246974945, 619.8607177734375)"
495,524220195617,115.49990379309942,1,"(1155.9098052978516, 454.27805185317993, 619.8935546875)"
496,524220199617,165.93726813929953,1,"(1157.7026414960612, 461.6657380401574, 619.9204983410277)"
497,524220203618,10.263470202785967,1,"(1159.4959259033203, 469.05527114868164, 619.9474487304688)"
498,524220207618,56.810959790452486,1,"(1159.394474029541, 473.995041847229, 619.9165649414062)"
499,524220211618,56.810959939384205,1,"(1159.2930221557617, 478.93481254577637, 619.8856811523438)"
500,524220215618,43.0972818389965,1,"(1161.3935381294818, 477.3508045786051, 619.8756383584422)"
501,524220219616,43.09728177396677,1,"(1163.4930038452148, 475.7675886154175, 619.8656005859375)"
502,524220223616,43.0972818389965,1,"(1158.5613441467285, 471.9339430332184, 619.812255859375)"
503,524220227616,43.0972818389965,1,"(1153.6296844482422, 468.1002974510193, 619.7589111328125)"
538,524220367616,43.0972818389965,1,"(1156.1989974975586, 480.7845711708069, 619.404296875)"
539,524220371616,11.12454872480856,1,"(1159.0554428100586, 480.43792247772217, 619.4475402832031)"
540,524220375616,11.12454872593159,1,"(1161.9118881225586, 480.09127378463745, 619.4907836914062)"
541,524220379616,53.95615577270894,1,"(1162.1589088439941, 482.45569467544556, 619.52392578125)"
542,524220383616,53.95615564509285,1,"(1162.4059295654297, 484.82011556625366, 619.5570678710938)"
543,524220387616,59.68036984204502,1,"(1162.1483312334333, 492.89644871439253, 619.5291312081473)"
544,524220391615,59.680370187302906,1,"(1161.8907973010198, 500.97076277924435, 619.5012015293667)"
545,524220395615,148.34568770148508,1,"(1161.6331989690236, 509.0470959273832, 619.4732648664202)"
546,524220399616,123.48438489560588,1,"(1161.375536237444, 517.1254481588091, 619.4453212193081)"
547,524220403616,123.48438489560588,1,"(1161.1179379054477, 525.201781306948, 619.4173845563616)"
548,524220407616,17.98935712093841,1,"(1160.8603395734515, 533.2781144550869, 619.3894478934152)"
549,524220411616,17.989357125667432,1,"(1160.602741241455, 541.3544476032257, 619.3615112304688)"
550,524220415616,17.98935712093841,1,"(1160.3451429094587, 549.4307807513646, 619.3335745675223)"
551,524220419616,17.989357116208215,1,"(1160.0875445774625, 557.5071138995035, 619.3056379045759)"
552,524220423615,17.98935712093841,1,"(1159.830010645049, 565.5814279643553, 619.2777082257952)"
553,524220427615,17.98935712093841,1,"(1159.5724123130526, 573.6577611124941, 619.2497715628488)"
554,524220431616,67.53382811057864,1,"(1159.314749581473, 581.73611334392, 619.2218279157366)"
555,524220435616,67.53382811057864,1,"(1159.0571512494769, 589.8124464920589, 619.1938912527902)"
556,524220439616,67.53382811058216,1,"(1158.7995529174805, 597.8887796401978, 619.1659545898438)"
557,524220443616,67.53382836074339,1,"(1152.3005676269531, 624.4201183319092, 619.1463012695312)"
558,524220447616,73.61490835338728,1,"(1160.643310546875, 660.0053071975708, 619.1286010742188)"
559,524220451616,77.64276432711644,1,"(1157.9817199707031, 683.608889579773, 619.1036478678385)"
560,524220455615,118.0241946906687,1,"(1155.3207947921753, 707.2065710663796, 619.07870089976)"
561,524220459615,118.0241946906687,1,"(1152.6592042160034, 730.8101534485818, 619.0537476933797)"
562,524220463616,118.0241946906687,1,"(1149.9969482421875, 754.4196367263794, 619.0287882486979)"
563,524220467616,55.0181301098278,1,"(1147.3353576660156, 778.0232191085815, 619.0038350423177)"
564,524220471616,55.01813010982374,1,"(1144.6737670898438, 801.6268014907837, 618.9788818359375)"
565,524220475616,55.01813024509076,1,"(1144.573279589909, 802.6894501263187, 619.0198601856958)"
566,524220479616,23.556122705239932,1,"(1144.4727920899738, 803.7520987618535, 619.0608385354541)"
567,524220483615,23.556122705239932,1,"(1144.372329711914, 804.8144817352295, 619.101806640625)"
568,524220487615,23.55612269462337,1,"(1147.1968557513019, 801.0998374120132, 619.0958549689317)"
569,524220491614,1.7875636575528553,1,"(1150.0206756591797, 797.3861217498779, 619.0899047851562)"
570,524220495614,100.49736599402327,1,"(1145.3984697740268, 800.9495095630956, 619.0972891160211)"
571,524220499615,148.99072818275732,1,"(1140.7751083374023, 804.5137882232666, 619.1046752929688)"
572,524220503615,372.5269036502587,1,"(1145.5597686767578, 803.9862513542175, 619.1107788085938)"
573,524220507615,290.74319857933483,1,"(1150.3444290161133, 803.4587144851685, 619.1168823242188)"
574,524220511615,121.1269266172617,1,"(1147.9092979431152, 803.6301255226135, 619.0908813476562)"
575,524220515615,25.05250121988825,1,"(1145.4741668701172, 803.8015365600586, 619.0648803710938)"
576,524220519615,25.052501219887944,1,"(1145.2731262676298, 807.3893859544714, 619.0345726275477)"
577,524220523614,25.052501232664547,1,"(1145.072135925293, 810.9763383865356, 619.0042724609375)"
578,524220527614,50.46332619125981,1,"(1145.8908924636478, 812.5468375851499, 619.0042114308671)"
579,524220531615,50.46332608686011,1,"(1146.7098536911374, 814.1177294085635, 619.0041503855391)"
580,524220535615,50.46332619125981,1,"(1147.5286102294922, 815.6882286071777, 619.0040893554688)"
581,524220539615,38.00269943092698,1,"(1149.770107269287, 814.4399285316467, 619.0216979980469)"
582,524220543615,38.00269943092698,1,"(1152.011604309082, 813.1916284561157, 619.039306640625)"
605,524220635616,38.00269943092698,1,"(1138.3425521850586, 818.4468984603882, 618.9462890625)"
606,524220639616,54.97332717546356,1,"(1143.094482421875, 814.9610280990601, 618.9568481445312)"
607,524220643616,54.97332717546356,1,"(1146.1198425292969, 813.5348081588745, 618.94580078125)"
608,524220647616,11.69779692477975,1,"(1137.1018981933594, 814.6678447723389, 618.9251708984375)"
609,524220651615,11.697796926077505,1,"(1142.149658203125, 811.8233442306519, 618.9467163085938)"
610,524220655616,11.697796923472431,1,"(1139.5441818237305, 817.0761823654175, 618.947265625)"
611,524220659616,11.697796924776389,1,"(1142.3118438720703, 816.2033414840698, 618.9452758789063)"
612,524220663616,11.69779692477975,1,"(1145.0795059204102, 815.3305006027222, 618.9432861328125)"
613,524220667616,11.697796924770506,1,"(1147.84716796875, 814.4576597213745, 618.9412963867187)"
614,524220671616,11.69779692477975,1,"(1150.6148300170898, 813.5848188400269, 618.939306640625)"
615,524220675616,178.4757252461884,1,"(1153.3824920654297, 812.7119779586792, 618.9373168945312)"
616,524220679616,178.4757298635489,1,"(1150.3853675469352, 813.6484363016777, 618.8897340423779)"
617,524220683615,86.35186428390033,1,"(1147.3889923095703, 814.5846605300903, 618.8421630859375)"
618,524220687615,86.35186376079386,1,"(1145.6679084710602, 816.192562222056, 618.8614795056144)"
619,524220691616,86.35186428390033,1,"(1143.9463943615906, 817.8008658894449, 618.8808007543962)"
620,524220695616,86.35186428390033,1,"(1142.2253105230805, 819.4087675814108, 618.9001171740731)"
621,524220699616,71.24535161813213,1,"(1140.5042266845703, 821.0166692733765, 618.91943359375)"
640,524220775612,11.57072692958261,1,"(1136.2338638305664, 815.8444404602051, 618.7476806640625)"
641,524220779611,248.26092127048398,1,"(1136.458511352539, 816.3955450057983, 618.8215942382812)"
642,524220783612,147.52145130747488,1,"(1136.2152099609375, 815.6919479370117, 618.79052734375)"
643,524220787612,179.3635629276604,1,"(1143.2533264160156, 810.0288391113281, 618.7674560546875)"
644,524220791612,191.01558535436777,1,"(1144.4480895996094, 813.6837959289551, 618.7525634765625)"
645,524220795612,115.84688992951446,1,"(1127.5682830810547, 822.4905252456665, 618.7486572265625)"
646,524220799612,34.14055715081011,1,"(1118.3414840698242, 825.6103277206421, 618.671630859375)"
647,524220803612,34.14055718313085,1,"(1113.2732391357422, 828.2717943191528, 618.7523193359375)"
648,524220807612,34.14055711848129,1,"(1103.3042907714844, 829.8141002655029, 618.738525390625)"
649,524220811611,34.14055715081011,1,"(1104.4133377075195, 834.8192453384399, 618.7476806640625)"
650,524220815612,34.14055715081011,1,"(1112.332649230957, 826.2255191802979, 618.7463989257812)"
651,524220819612,364.86108716084937,1,"(1113.0255889892578, 826.7272710800171, 618.725830078125)"
652,524220823612,144.39253177017298,1,"(1112.2186660766602, 826.2434720993042, 618.725341796875)"
653,524220827612,625.3740698974339,1,"(1109.6945571899414, 831.0299634933472, 618.71435546875)"
654,524220831612,479.1682669568872,1,"(1117.3884201049805, 830.1230192184448, 618.6592407226562)"
655,524220835612,1428.3199447829031,1,"(1112.6117706298828, 829.0032148361206, 618.7757568359375)"
656,524220839612,996.2889941946726,1,"(1103.5198974609375, 834.0343952178955, 618.7115478515625)"
657,524220843611,1161.906357037273,1,"(1106.6765213012695, 832.2555541992188, 618.7216796875)"
658,524220847612,282.4807847429362,1,"(1108.4501266479492, 832.6307773590088, 618.7320556640625)"
659,524220851612,282.4808213510924,1,"(1107.923583984375, 829.6065330505371, 618.773193359375)"
660,524220855612,282.4807847429329,1,"(1112.229995727539, 834.9645137786865, 618.8262329101562)"
661,524220859612,282.4807847429329,1,"(1111.7794189453125, 833.9848566055298, 618.8341796875)"
662,524220863612,282.4807847429329,1,"(1111.328842163086, 833.005199432373, 618.8421264648438)"
663,524220867612,282.4807847429362,1,"(1110.8782653808594, 832.0255422592163, 618.8500732421875)"
664,524220871612,282.48080304929977,1,"(1110.4276885986328, 831.0458850860596, 618.8580200195313)"
665,524220875612,282.48076643199107,1,"(1109.9771118164062, 830.0662279129028, 618.865966796875)"
666,524220879612,282.4807847429362,1,"(1110.676544498405, 830.1426791948105, 618.8542495115356)"
667,524220883613,282.48078474292953,1,"(1111.3761520385742, 830.2191495895386, 618.842529296875)"
668,524220887613,282.4807847429362,1,"(1108.681983947754, 830.8490753173828, 618.86962890625)"
669,524220891613,65.15032675609733,1,"(1105.9878158569336, 831.479001045227, 618.896728515625)"
670,524220895613,177.8032479163053,1,"(1109.7311782836914, 831.5247774124146, 618.8812255859375)"
671,524220899613,159.16294295118166,1,"(1113.4745407104492, 831.570553779602, 618.86572265625)"
672,524220903613,33.701974404344504,1,"(1112.1861555345113, 832.2303078604292, 618.8468623214604)"
673,524220907612,33.701974373240645,1,"(1110.8980924548673, 832.8898970027361, 618.8280067017545)"
674,524220911612,33.70197440434602,1,"(1109.6097072789291, 833.5496510835633, 618.8091463669648)"
675,524220915613,33.701974404338685,1,"(1108.3210000066972, 834.2095701029104, 618.7902813170915)"
676,524220919613,33.701974404344504,1,"(1107.0326148307593, 834.8693241837376, 618.771420982302)"
677,524220923613,33.70197440434019,1,"(1105.7442296548213, 835.5290782645648, 618.7525606475123)"
678,524220927613,33.701974404344504,1,"(1104.4558444788834, 836.1888323453918, 618.7337003127227)"
679,524220931613,35.5430931060926,1,"(1103.1674593029452, 836.848586426219, 618.714839977933)"
680,524220935613,185.43021306856645,1,"(1101.8790741270072, 837.5083405070461, 618.6959796431435)"
681,524220939612,79.83635061773991,1,"(1100.5910110473633, 838.167929649353, 618.6771240234375)"
682,524220943613,54.032511600985586,1,"(1108.9533233642578, 834.5392942428589, 618.697265625)"
683,524220947613,11.37076069481859,1,"(1109.661986880431, 833.5124700971475, 618.6956394450124)"
684,524220951613,11.37076069481859,1,"(1110.3706503966043, 832.485645951436, 618.6940132650249)"
685,524220955613,11.37076069481859,1,"(1111.0793139127777, 831.4588218057246, 618.6923870850372)"
686,524220959613,238.1625808032652,1,"(1111.7879774289509, 830.4319976600133, 618.6907609050496)"
687,524220963613,152.37438728095717,1,"(1112.496640945124, 829.4051735143019, 618.6891347250621)"
688,524220967613,156.9114942465992,1,"(1113.2053044612976, 828.3783493685904, 618.6875085450745)"
689,524220971612,200.49898407641956,1,"(1113.9137908115918, 827.3517819289154, 618.6858827716319)"
690,524220975612,117.71946768176277,1,"(1114.622454327765, 826.324957783204, 618.6842565916443)"
691,524220979613,238.90668858292656,1,"(1115.3312950098173, 825.2978769314562, 618.6826300051117)"
692,524220983613,183.27644375799758,1,"(1116.0399585259906, 824.2710527857447, 618.6810038251241)"
693,524220987613,141.81782449138,1,"(1116.7486220421638, 823.2442286400334, 618.6793776451365)"
694,524220991613,71.00837047073196,1,"(1117.4572855583372, 822.217404494322, 618.677751465149)"
695,524220995613,162.43660308062871,1,"(1118.1659490745103, 821.1905803486106, 618.6761252851613)"
696,524220999612,25.461153232735246,1,"(1118.8744354248047, 820.1640129089355, 618.6744995117188)"
697,524221003611,25.46115321932427,1,"(1119.9628829956055, 821.6290712356567, 618.6631469726562)"
698,524221007611,25.461153232735246,1,"(1119.8924284727145, 822.4641094366306, 618.6577455863859)"
699,524221011612,25.46115323273689,1,"(1119.821956336193, 823.2993563971546, 618.652342849769)"
700,524221015612,25.46115323273689,1,"(1119.751501813302, 824.1343945981283, 618.6469414634986)"
701,524221019612,25.461153232735246,1,"(1119.6810472904108, 824.9694327991023, 618.6415400772282)"
702,524221023612,85.1494846070577,1,"(1119.6105927675198, 825.804471000076, 618.6361386909579)"
703,524221027612,85.14948510849231,1,"(1119.540138244629, 826.6395092010498, 618.6307373046875)"
704,524221031611,62.006837866642876,1,"(1120.675048828125, 827.6181221008301, 618.63134765625)"
705,524221035611,62.00683767295422,1,"(1111.8534851074219, 826.3330221176147, 618.6099853515625)"
706,524221039612,34.563007469044656,1,"(1118.642349243164, 828.3823728561401, 618.5240478515625)"
707,524221043612,34.563007469044656,1,"(1117.6156997680664, 826.6498804092407, 618.5677490234375)"
708,524221047612,37.877439490718444,1,"(1112.680892944336, 822.4939584732056, 618.6102294921875)"
709,524221051612,37.877439490718444,1,"(1124.1185760498047, 816.8689727783203, 618.60986328125)"
710,524221055612,19.237024097437537,1,"(1118.140525817871, 823.0310440063477, 618.5989990234375)"
711,524221059612,48.56808762364525,1,"(1115.335693359375, 823.9195346832275, 618.5982666015625)"
712,524221063612,63.72704671653403,1,"(1115.3392028808594, 823.8390624523163, 618.5985870361328)"
713,524221067611,67.33352076012444,1,"(1115.3427115249633, 823.7586103394627, 618.5989073905945)"
714,524221071611,43.24054470795069,1,"(1115.346221046448, 823.6781381085515, 618.5992278251648)"
715,524221075612,71.0740912565502,1,"(1115.3497314453125, 823.5976457595825, 618.5995483398438)"
716,524221079612,17.314403607814704,1,"(1115.3532409667969, 823.5171735286713, 618.5998687744141)"
717,524221083612,17.314403607814704,1,"(1115.3567504882812, 823.43670129776, 618.6001892089844)"
718,524221087612,17.314403607814704,1,"(1115.3602600097656, 823.3562290668488, 618.6005096435547)"
719,524221091612,17.314403607814704,1,"(1115.36376953125, 823.2757568359375, 618.600830078125)"
720,524221095612,17.314403607814704,1,"(1115.3672790527344, 823.1952846050262, 618.6011505126953)"
721,524221099611,17.314403607814704,1,"(1115.3707876968383, 823.1148324921727, 618.601470867157)"
722,524221103611,30.974229187325644,1,"(1115.3742972183227, 823.0343602612614, 618.6017913017273)"
723,524221107612,30.974229187325644,1,"(1115.3778076171875, 822.9538679122925, 618.6021118164062)"
724,524221111612,30.974229187325644,1,"(1117.4179458618164, 822.7138519287109, 618.5926920572916)"
725,524221115612,9.461867027173518,1,"(1119.4580841064453, 822.4738359451294, 618.5832722981771)"
726,524221119612,9.461867027857341,1,"(1121.4982223510742, 822.2338199615479, 618.5738525390625)"
727,524221123612,67.29903559432952,1,"(1118.9619827270508, 821.0931301116943, 618.563232421875)"
728,524221127612,67.29903559432952,1,"(1116.7855011186725, 823.7515017418208, 618.574775280693)"
729,524221131607,4.582419313806152,1,"(1114.6117401123047, 826.4065504074097, 618.5863037109375)"
730,524221135607,68.99520334863296,1,"(1114.9543095262793, 826.1675080183436, 618.5702324590627)"
731,524221139608,6.873173842209717,1,"(1115.2969645826074, 825.9284058686803, 618.5541571893748)"
732,524221143608,6.837652229358364,1,"(1115.639533996582, 825.6893634796143, 618.5380859375)"
733,524221147608,6.8376522293583015,1,"(1114.0822219848633, 823.2631802558899, 618.5027465820312)"
734,524221151608,6.837652229363567,1,"(1112.5249099731445, 820.8369970321655, 618.4674072265625)"
735,524221155608,6.837652229617858,1,"(1116.9801940565067, 822.15101454821, 618.468170261395)"
736,524221159607,6.837652229363567,1,"(1121.4343643188477, 823.4647035598755, 618.4689331054688)"
737,524221163607,6.837652229098743,1,"(1122.5124346686964, 825.9759386514606, 618.4388465342589)"
738,524221167608,6.837652229363567,1,"(1123.5907745361328, 828.4878015518188, 618.4087524414062)"
739,524221171608,6.837652229617858,1,"(1123.4649658203125, 828.2052755355835, 618.4059244791666)"
740,524221175608,6.837652229098743,1,"(1123.3391571044922, 827.9227495193481, 618.4030965169271)"
741,524221179608,6.837652229358364,1,"(1123.2133483886719, 827.6402235031128, 618.4002685546875)"
742,524221183608,6.8376522293583015,1,"(1122.9861221313477, 828.1773042678833, 618.3966796875)"
743,524221187608,6.837652229623062,1,"(1122.7588958740234, 828.7143850326538, 618.3930908203125)"
744,524221191608,6.837652229358364,1,"(1122.5316696166992, 829.2514657974243, 618.389501953125)"
745,524221195607,6.837652229104007,1,"(1122.3045001659393, 829.7884122920036, 618.3859139831543)"
746,524221199607,6.8376522293583015,1,"(1122.077273908615, 830.3254930567742, 618.3823251159668)"
747,524221203608,6.837652229623062,1,"(1121.8499908447266, 830.8627080917358, 618.3787353515625)"
748,524221207608,6.837652229358364,1,"(1121.6227645874023, 831.3997888565063, 618.375146484375)"
749,524221211608,6.837652229098743,1,"(1121.3955383300781, 831.9368696212769, 618.3715576171875)"
750,524221215608,26.63561659912864,1,"(1121.168312072754, 832.4739503860474, 618.36796875)"
751,524221219608,26.63561659912864,1,"(1120.9410858154297, 833.0110311508179, 618.3643798828125)"
752,524221223608,26.63561661447685,1,"(1120.7138595581055, 833.5481119155885, 618.360791015625)"
753,524221227607,26.6356165837766,1,"(1120.4866901073456, 834.0850584101678, 618.3572030456543)"
754,524221231607,63.25116949519741,1,"(1120.2594638500213, 834.6221391749383, 618.3536141784668)"
755,524221235608,181.3043749397578,1,"(1120.0321807861328, 835.1593542098999, 618.3500244140625)"
756,524221239608,25.588452391364246,1,"(1119.8049545288086, 835.6964349746704, 618.346435546875)"
757,524221243608,25.588452391364246,1,"(1126.4556884765625, 825.6794929504395, 618.3284912109375)"
758,524221247608,25.58845237775098,1,"(1118.9403533935547, 829.5139789581299, 618.3180541992188)"
759,524221251608,14.775841787007218,1,"(1130.2229690551758, 824.9105930328369, 618.2972412109375)"
760,524221255607,14.775841787007218,1,"(1122.6761627197266, 828.917384147644, 618.2479248046875)"
761,524221259607,14.775841787007218,1,"(1126.1338806152344, 825.3239393234253, 618.30126953125)"
762,524221263609,32.26796974087702,1,"(1120.0096893310547, 829.0493488311768, 618.2923583984375)"
783,524221347609,32.26796974087151,1,"(1125.3905868530273, 821.4562654495239, 618.239501953125)"
784,524221351609,32.26796984999203,1,"(1127.8122877284784, 821.0666527106085, 618.244812675559)"
785,524221355608,32.26796974087702,1,"(1130.233383178711, 820.6771373748779, 618.2501220703125)"
786,524221359608,32.26796974087151,1,"(1128.5741186077598, 819.8349944615768, 618.2563229321444)"
787,524221363609,32.26796974087702,1,"(1126.9144392206658, 818.9926410125474, 618.2625253441918)"
788,524221367609,32.267969713576946,1,"(1125.2551746497147, 818.1504980992463, 618.2687262060236)"
789,524221371609,32.26796974087702,1,"(1123.5959100787636, 817.3083551859452, 618.2749270678556)"
790,524221375609,96.73896928861173,1,"(1121.9366455078125, 816.466212272644, 618.2811279296875)"
791,524221379609,96.73897002391745,1,"(1122.3649369592829, 816.683605665385, 618.2913220750494)"
792,524221383608,50.83842493247342,1,"(1122.7931213378906, 816.9009447097778, 618.301513671875)"
793,524221387608,50.83842493247342,1,"(1122.6404762339585, 819.2255213862285, 618.2911084783835)"
794,524221391609,54.14144808547534,1,"(1122.48779296875, 821.5506792068481, 618.2807006835938)"
795,524221395609,54.14144795654015,1,"(1125.0179131086481, 822.0385698295588, 618.3117448215813)"
796,524221399607,55.15443446450054,1,"(1127.5467681884766, 822.526216506958, 618.3427734375)"
797,524221403607,55.15443446450054,1,"(1125.501594543457, 828.596019744873, 618.3538818359375)"
798,524221407607,57.85459985942324,1,"(1126.5727043151855, 823.3731150627136, 618.37353515625)"
799,524221411607,,1,"(1127.643814086914, 818.1502103805542, 618.3931884765625)"
800,524221415607,,1,"(1127.8654479980469, 818.894612789154, 618.3903503417969)"
801,524221419606,,1,"(1128.087026500702, 819.6388290971518, 618.3875129165649)"
802,524221423606,,1,"(1128.3086604118348, 820.3832315057516, 618.3846747817993)"
803,524221427607,,1,"(1128.5303497314453, 821.1278200149536, 618.3818359375)"
804,524221431607,,1,"(1128.7519836425781, 821.8722224235535, 618.3789978027344)"
805,524221435607,,1,"(1128.973617553711, 822.6166248321533, 618.3761596679688)"
806,524221439607,,1,"(1127.0244524569666, 820.4480484773445, 618.377563564306)"
807,524221443607,,1,"(1125.0752873602223, 818.2794721225357, 618.3789674606433)"
808,524221447607,,1,"(1123.1261222634778, 816.1108957677269, 618.3803713569806)"
809,524221451606,,1,"(1121.1774444580078, 813.9428615570068, 618.3817749023438)"
810,524221455607,,1,"(1118.3110427856445, 815.3179407119751, 618.3489990234375)"
811,524221459607,,1,"(1116.2408065795898, 817.9545879364014, 618.3801879882812)"
812,524221463607,,1,"(1121.3349533081055, 817.8231239318848, 618.3619791666666)"
813,524221467607,,1,"(1126.429100036621, 817.6916599273682, 618.3437703450521)"
814,524221471607,,1,"(1131.5232467651367, 817.5601959228516, 618.3255615234375)"
815,524221475607,,1,"(1129.6910094229297, 816.0483769371426, 618.3283286811173)"
816,524221479607,,1,"(1127.858772080723, 814.5365579514337, 618.3310958387971)"
817,524221483606,,1,"(1126.0269927978516, 813.0251169204712, 618.3338623046875)"
818,524221487606,,1,"(1125.7042200129665, 813.9895827519318, 618.3264369794542)"
819,524221491606,,1,"(1125.3814472280815, 814.9540485833925, 618.3190116542208)"
820,524221495607,,1,"(1125.05859375, 815.918755531311, 618.3115844726562)"
857,524221643606,,1,"(1124.172592163086, 813.2040739059448, 618.4163208007812)"
858,524221647607,,1,"(1127.0851135253906, 816.4218664169312, 618.427490234375)"
859,524221651607,,1,"(1131.218032836914, 811.4921808242798, 618.3966064453125)"
860,524221655607,,1,"(1122.0389556884766, 824.704098701477, 618.3980712890625)"
861,524221659605,,1,"(1132.4311065673828, 817.6709890365601, 618.378173828125)"
862,524221663605,,1,"(1127.2026443481445, 817.55211353302, 618.4093017578125)"
863,524221667605,,1,"(1126.1282597721513, 817.4269571911544, 618.4035639749765)"
864,524221671605,,1,"(1125.053875196158, 817.301800849289, 618.3978261921403)"
865,524221675604,,1,"(1123.9797592163086, 817.1766757965088, 618.39208984375)"
866,524221679604,,1,"(1125.4078628639213, 818.8221513902174, 618.4000237529034)"
867,524221683605,,1,"(1126.8363235374459, 820.4680383528246, 618.4079596455341)"
868,524221687605,,1,"(1128.2644271850586, 822.1135139465332, 618.4158935546875)"
869,524221691605,,1,"(1126.8394088745117, 821.300196647644, 618.4317016601562)"
870,524221695605,,1,"(1125.4143905639648, 820.4868793487549, 618.447509765625)"
871,524221699605,,1,"(1123.989372253418, 819.6735620498657, 618.4633178710938)"
872,524221703605,,1,"(1126.1638641357422, 820.6249237060547, 618.4902954101562)"
873,524221707605,,1,"(1128.3383560180664, 821.5762853622437, 618.5172729492188)"
874,524221711605,,1,"(1127.8951099940707, 821.3341815131051, 618.533708844866)"
875,524221715604,,1,"(1127.4519747815812, 821.0921381899288, 618.5501406315395)"
876,524221719605,,1,"(1127.0086179460798, 820.8499738148281, 618.5665806361607)"
877,524221723605,,1,"(1126.5653719220843, 820.6078699656895, 618.5830165318081)"
878,524221727605,,1,"(1126.1221258980886, 820.365766116551, 618.5994524274554)"
879,524221731605,,1,"(1125.6788798740934, 820.1236622674124, 618.6158883231027)"
880,524221735605,,1,"(1125.2356338500977, 819.8815584182739, 618.63232421875)"
881,524221739605,,1,"(1121.7450356295683, 826.7518048257227, 618.6492330706377)"
882,524221743604,,1,"(1118.2553100585938, 833.6203336715698, 618.6661376953125)"
883,524221747604,,1,"(1121.308317106371, 831.4803686091904, 618.6539924582961)"
884,524221751605,,1,"(1124.3620874059102, 829.3398685555451, 618.6418441849704)"
885,524221755605,,1,"(1127.4150944536875, 827.1999034931656, 618.6296989479539)"
886,524221759605,,1,"(1130.4681015014648, 825.0599384307861, 618.6175537109375)"
887,524221763605,,1,"(1130.9206581115723, 828.1025290489197, 618.5976257324219)"
888,524221767605,,1,"(1131.3732147216797, 831.1451196670532, 618.5776977539062)"
908,524221847605,,0,"(1124.0943145751953, 824.2994785308838, 618.400390625)"
909,524221851605,,0,"(1134.7570037841797, 823.1943368911743, 618.4539184570312)"
910,524221855605,,0,"(1131.8508911132812, 817.5264358520508, 618.4135131835938)"
911,524221859605,,0,"(1128.292579650879, 824.40505027771, 618.4571533203125)"
912,524221863605,,0,"(1134.41162109375, 818.8750505447388, 618.5012817382812)"
913,524221867605,,0,"(1131.5084838867188, 814.8019552230835, 618.523681640625)"
914,524221871605,,0,"(1132.962272644043, 815.0453996658325, 618.542529296875)"
915,524221875604,,0,"(1134.4156979541779, 815.2887832474709, 618.561372241211)"
916,524221879605,,0,"(1135.8698501586914, 815.5322885513306, 618.580224609375)"
917,524221883605,,0,"(1137.3236389160156, 815.7757329940796, 618.599072265625)"
918,524221887605,,0,"(1138.7774276733398, 816.0191774368286, 618.617919921875)"
919,524221891605,,0,"(1125.036277770996, 823.7292051315308, 618.6097412109375)"
920,524221895605,,0,"(1131.2007522583008, 824.660325050354, 618.4584350585938)"
921,524221899605,,0,"(1156.7644500732422, 815.9160375595093, 618.4187622070312)"
922,524221903605,,0,"(1168.7311935424805, 799.0305662155151, 618.5753173828125)"
923,524221907604,,0,"(1214.252815246582, 757.1478366851807, 618.6043701171875)"
924,524221911605,,0,"(1242.3513793945312, 724.472451210022, 618.7161865234375)"
925,524221915605,,0,"(1283.8423919677734, 696.0793733596802, 618.717041015625)"
926,524221919605,,0,"(1291.6490739431972, 686.7070066868714, 618.7253532720059)"
927,524221923603,,0,"(1299.451852577633, 677.3393261973991, 618.7336613722588)"
928,524221927603,,0,"(1307.2585345530565, 667.9669595245904, 618.7419736286397)"
929,524221931603,,0,"(1315.06521652848, 658.5945928517816, 618.7502858850207)"
930,524221935603,,0,"(1322.8718985039036, 649.2222261789728, 618.7585981414016)"
931,524221939603,,0,"(1330.6785804793274, 639.8498595061641, 618.7669103977827)"
932,524221943602,,0,"(1338.4833107842571, 630.4798359250236, 618.7752205760995)"
933,524221947603,,0,"(1346.2919444301745, 621.1051261605467, 618.7835349105446)"
934,524221951603,,0,"(1354.0986264055982, 611.7327594877379, 618.7918471669255)"
935,524221955603,,0,"(1361.9053083810215, 602.3603928149291, 618.8001594233066)"
936,524221959603,,0,"(1369.7119903564453, 592.9880261421204, 618.8084716796875)"
937,524221963603,,0,"(1367.7750778198242, 590.948224067688, 618.7681884765625)"
938,524221967603,,0,"(1362.50244140625, 585.3681564331055, 618.7489013671875)"
939,524221971602,,0,"(1363.652000427246, 592.1417713165283, 618.7405395507812)"
940,524221975602,,0,"(1362.4596340413357, 592.9757757010807, 618.7278534106657)"
941,524221979603,,0,"(1361.266969563829, 593.8099885867291, 618.7151640990152)"
942,524221983603,,0,"(1360.0746031779186, 594.6439929712816, 618.7024779588996)"
943,524221987603,,0,"(1358.8822367920084, 595.4779973558338, 618.6897918187841)"
944,524221991603,,0,"(1357.689870406098, 596.3120017403862, 618.6771056786686)"
945,524221995603,,0,"(1356.4975040201878, 597.1460061249386, 618.664419538553)"
946,524221999603,,0,"(1355.3051376342773, 597.980010509491, 618.6517333984375)"
947,524222003602,,0,"(1356.5530014038086, 598.8725423812866, 618.7071533203125)"
948,524222007603,,0,"(1360.2006912231445, 591.7430520057678, 618.6050415039062)"
949,524222011603,,0,"(1357.005615234375, 593.0365920066833, 618.680419921875)"
950,524222015603,,0,"(1355.3124618530273, 594.6414470672607, 618.6726684570312)"
951,524222019603,,0,"(1355.5998992919922, 594.2434549331665, 618.6665852864584)"
952,524222023603,,0,"(1355.887336730957, 593.8454627990723, 618.6605021158854)"
953,524222027603,,0,"(1356.1747741699219, 593.447470664978, 618.6544189453125)"
954,524222031603,,0,"(1365.743293762207, 597.2154378890991, 618.67724609375)"
955,524222035602,,0,"(1361.4134216308594, 592.2642230987549, 618.6888427734375)"
956,524222039603,,0,"(1366.315040588379, 596.9436764717102, 618.7008056640625)"
957,524222043603,,0,"(1358.4100341796875, 593.4141755104065, 618.6495361328125)"
958,524222047603,,0,"(1363.4117889404297, 594.3175792694092, 618.6737060546875)"
959,524222051602,,0,"(1354.346694946289, 599.2356061935425, 618.6624755859375)"
960,524222055602,,0,"(1362.257194519043, 599.0197777748108, 618.685302734375)"
961,524222059602,,0,"(1366.9287872314453, 595.0612306594849, 618.6650390625)"
962,524222063602,,0,"(1365.1875686645508, 597.5846171379089, 618.6985473632812)"
963,524222067601,,0,"(1370.6496047973633, 593.1878685951233, 618.7318115234375)"
964,524222071601,,0,"(1369.7935461061238, 592.4982239065516, 618.7400305820184)"
965,524222075602,,0,"(1368.9372734002118, 591.8084068068076, 618.7482516953639)"
966,524222079602,,0,"(1368.0812147089723, 591.118762118236, 618.7564707539448)"
967,524222083602,,0,"(1367.2251560177328, 590.4291174296642, 618.7646898125257)"
968,524222087602,,0,"(1366.3690973264934, 589.7394727410924, 618.7729088711066)"
969,524222091602,,0,"(1365.513038635254, 589.0498280525208, 618.7811279296875)"
970,524222095602,,0,"(1366.6363022121463, 592.5504232215976, 618.8089023975897)"
971,524222099601,,0,"(1367.7592849731445, 596.0501432418823, 618.836669921875)"
972,524222103601,,0,"(1365.161114261085, 596.6957417775237, 618.8265088384948)"
973,524222107602,,0,"(1362.5622940063477, 597.3415017127991, 618.8163452148438)"
974,524222111602,,0,"(1361.2701988220215, 598.0880677700043, 618.7909545898438)"
975,524222115602,,0,"(1359.9781036376953, 598.8346338272095, 618.7655639648438)"
976,524222119602,,0,"(1360.605354309082, 600.3449320793152, 618.7818908691406)"
977,524222123602,,0,"(1361.2326049804688, 601.8552303314209, 618.7982177734375)"
1009,524222251601,,0,"(1349.7883987426758, 577.8493523597717, 618.916259765625)"
1010,524222255600,,0,"(1349.3071746826172, 575.8089065551758, 618.9168701171875)"
1011,524222259600,,0,"(1346.6064834594727, 575.2828359603882, 618.9055786132812)"
1012,524222263601,,0,"(1345.1234436035156, 577.7841210365295, 618.9686279296875)"
1013,524222267601,,0,"(1343.382682800293, 577.1094560623169, 618.968505859375)"
1014,524222271601,,0,"(1345.4137802124023, 579.4097542762756, 618.9570922851562)"
1015,524222275601,,0,"(1345.0266075134277, 580.0492346286774, 618.9549662272135)"
1016,524222279601,,0,"(1344.6394348144531, 580.6887149810791, 618.9528401692709)"
1017,524222283601,,0,"(1344.2522621154785, 581.3281953334808, 618.9507141113281)"
1018,524222287601,,0,"(1343.865089416504, 581.9676756858826, 618.9485880533854)"
1019,524222291601,,0,"(1343.4779167175293, 582.6071560382843, 618.9464619954427)"
1020,524222295601,,0,"(1343.0907440185547, 583.246636390686, 618.9443359375)"
1021,524222299601,,0,"(1344.426498413086, 583.181881904602, 618.9336344401041)"
1022,524222303601,,0,"(1345.7622528076172, 583.1171274185181, 618.9229329427084)"
1023,524222307601,,0,"(1347.0980072021484, 583.0523729324341, 618.9122314453125)"
1024,524222311601,,0,"(1346.8257754497906, 582.7477789652438, 618.9017320860175)"
1025,524222315600,,0,"(1346.553611755371, 582.4432611465454, 618.8912353515625)"
1026,524222319600,,0,"(1344.3987464904785, 584.3924939632416, 618.8806762695312)"
1027,524222323600,,0,"(1342.243881225586, 586.3417267799377, 618.8701171875)"
1064,524222471599,,0,"(1349.432487487793, 584.9576354026794, 618.6444702148438)"
1065,524222475598,,0,"(1349.172248840332, 581.9908618927002, 618.7176513671875)"
1091,524222579600,,0,"(1350.5215072631836, 589.5880579948425, 618.67919921875)"
1092,524222583600,,0,"(1350.226370493571, 589.5811518033345, 618.6871473524305)"
1093,524222587600,,0,"(1349.9312337239585, 589.5742456118265, 618.6950954861111)"
1094,524222591600,,0,"(1349.6360969543457, 589.5673394203186, 618.7030436197916)"
1095,524222595599,,0,"(1349.3410339689256, 589.5604349553585, 618.7109897664388)"
1096,524222599599,,0,"(1349.0458971993128, 589.5535287638505, 618.7189379001194)"
1097,524222603600,,0,"(1348.7506866455078, 589.5466208457947, 618.7268880208334)"
1098,524222607600,,0,"(1348.455549875895, 589.5397146542867, 618.7348361545139)"
1099,524222611599,,0,"(1348.1604868904749, 589.5328101893266, 618.742782301161)"
1100,524222615600,,0,"(1347.86527633667, 589.5259022712708, 618.750732421875)"
1101,524222619600,,0,"(1347.5701395670574, 589.5189960797627, 618.7586805555555)"
1102,524222623600,,0,"(1347.2750027974448, 589.5120898882548, 618.7666286892361)"
1103,524222627599,,0,"(1346.9799398120244, 589.5051854232947, 618.7745748358833)"
1104,524222631599,,0,"(1346.6848030424119, 589.4982792317867, 618.7825229695638)"
1105,524222635600,,0,"(1346.3895924886067, 589.4913713137308, 618.7904730902778)"
1106,524222639600,,0,"(1346.0944557189941, 589.4844651222229, 618.7984212239584)"
1107,524222643599,,0,"(1345.7993927335738, 589.4775606572629, 618.8063673706055)"
1108,524222647599,,0,"(1345.5042559639612, 589.4706544657548, 618.814315504286)"
1109,524222651600,,0,"(1345.2090454101562, 589.463746547699, 618.822265625)"
1110,524222655600,,0,"(1346.3584613800049, 589.4270539283752, 618.8251342773438)"
1111,524222659600,,0,"(1347.5078773498535, 589.3903613090515, 618.8280029296875)"
1112,524222663599,,0,"(1348.6570059657097, 589.3536778628826, 618.8308708648682)"
1113,524222667600,,0,"(1349.8067092895508, 589.316976070404, 618.833740234375)"
1114,524222671599,,0,"(1347.0767211914062, 589.3527030944824, 618.8013305664062)"
1115,524222675599,,0,"(1351.534080505371, 582.917332649231, 618.7811279296875)"
1116,524222679599,,0,"(1350.4649099593619, 583.1956035464458, 618.7639174498316)"
1117,524222683599,,0,"(1349.3957394133527, 583.4738744436606, 618.7467069699758)"
1118,524222687600,,0,"(1348.326301574707, 583.7522149085999, 618.7294921875)"
1119,524222691600,,0,"(1347.7352905273438, 583.5120320320129, 618.7229410807291)"
1120,524222695600,,0,"(1347.1442794799805, 583.271849155426, 618.7163899739584)"
1121,524222699600,,0,"(1346.5532684326172, 583.0316662788391, 618.7098388671875)"
1122,524222703600,,0,"(1347.9395067909009, 583.170577495602, 618.698470003505)"
1123,524222707600,,0,"(1349.3257451491843, 583.3094887123647, 618.6871011398224)"
1124,524222711596,,0,"(1350.7105972691097, 583.4482610179107, 618.6757436450035)"
1125,524222715596,,0,"(1352.0968356273934, 583.5871722346735, 618.664374781321)"
1126,524222719596,,0,"(1353.4830739856768, 583.7260834514362, 618.6530059176386)"
1127,524222723596,,0,"(1354.8693123439605, 583.8649946681991, 618.641637053956)"
1128,524222727597,,0,"(1356.2558972618335, 584.003940612766, 618.6302653480575)"
1129,524222731597,,0,"(1357.6421356201172, 584.1428518295288, 618.618896484375)"
1130,524222735597,,0,"(1353.4655500093181, 584.1009862543061, 618.61440983956)"
1131,524222739596,,0,"(1349.2900085449219, 584.0591311454773, 618.6099243164062)"
1132,524222743596,,0,"(1351.0886192321777, 585.3172659873962, 618.6005249023438)"
1133,524222747596,,0,"(1352.8872299194336, 586.5754008293152, 618.5911254882812)"
1134,524222751596,,0,"(1355.123526462688, 587.2560425156906, 618.5448361084381)"
1135,524222755597,,0,"(1357.3603820800781, 587.9368543624878, 618.49853515625)"
1136,524222759597,,0,"(1355.2019119262695, 586.9310259819031, 618.462646484375)"
1137,524222763597,,0,"(1353.043441772461, 585.9251976013184, 618.4267578125)"
1138,524222767597,,0,"(1350.772249517716, 586.9650054356504, 618.4335335618124)"
1139,524222771596,,0,"(1348.5016250610352, 588.0045533180237, 618.4403076171875)"
